chain,resn,resi,name,distance
A,ILE,4,N,14.259
A,ILE,4,CA,13.116
A,ILE,4,C,13.689
A,ILE,4,O,14.503
A,ILE,4,CB,12.315
A,ILE,4,CG1,11.932
A,ILE,4,CG2,11.170
A,ILE,4,CD1,11.046
A,PRO,5,N,13.515
A,PRO,5,CA,14.353
A,PRO,5,C,14.029
A,PRO,5,O,12.950
A,PRO,5,CB,14.289
A,PRO,5,CG,12.934
A,PRO,5,CD,12.711
A,LYS,6,C,14.166
A,LYS,6,O,13.810
A,GLU,7,N,13.806
A,GLU,7,CA,12.938
A,GLU,7,C,11.504
A,GLU,7,O,10.990
A,GLU,7,CB,13.051
A,GLU,7,CG,14.536
A,MET,8,N,10.969
A,MET,8,CA,9.712
A,MET,8,C,9.899
A,MET,8,O,9.121
A,MET,8,CB,9.372
A,MET,8,CG,8.056
A,MET,8,SD,7.936
A,MET,8,CE,7.905
A,LEU,9,N,11.126
A,LEU,9,CA,11.683
A,LEU,9,C,11.826
A,LEU,9,O,11.705
A,LEU,9,CB,13.143
A,LEU,9,CG,13.418
A,LEU,9,CD1,14.935
A,LEU,9,CD2,13.002
A,ARG,10,N,12.270
A,ARG,10,CA,12.542
A,ARG,10,C,11.405
A,ARG,10,O,11.652
A,ARG,10,CB,13.385
A,ARG,10,CG,13.913
A,ARG,10,CD,14.804
A,ARG,10,NH1,14.135
A,ALA,11,N,10.270
A,ALA,11,CA,9.090
A,ALA,11,C,8.543
A,ALA,11,O,8.349
A,ALA,11,CB,8.145
A,GLN,12,N,8.605
A,GLN,12,CA,8.627
A,GLN,12,C,9.824
A,GLN,12,O,9.885
A,GLN,12,CB,8.838
A,GLN,12,CG,7.704
A,GLN,12,CD,8.273
A,GLN,12,NE2,7.545
A,GLN,12,OE1,9.447
A,THR,13,N,10.991
A,THR,13,CA,12.166
A,THR,13,C,12.219
A,THR,13,O,13.230
A,THR,13,CB,13.483
A,THR,13,CG2,13.787
A,THR,13,OG1,13.623
A,ASN,14,N,11.242
A,ASN,14,CA,11.410
A,ASN,14,C,11.032
A,ASN,14,O,11.204
A,ASN,14,CB,10.854
A,ASN,14,CG,11.656
A,ASN,14,ND2,11.115
A,ASN,14,OD1,12.855
A,ILE,15,N,10.889
A,ILE,15,CA,11.197
A,ILE,15,C,12.591
A,ILE,15,O,13.023
A,ILE,15,CB,11.270
A,ILE,15,CG1,12.304
A,ILE,15,CG2,9.908
A,ILE,15,CD1,12.739
A,LEU,16,N,13.416
A,LEU,16,CA,14.733
A,LEU,16,C,14.838
A,LEU,17,N,13.897
A,LEU,17,CA,13.982
A,LEU,17,C,13.967
A,LEU,17,O,14.825
A,LEU,17,CB,12.993
A,LEU,17,CG,13.301
A,LEU,17,CD1,12.373
A,LEU,17,CD2,14.743
A,ASN,18,N,13.152
A,ASN,18,CA,13.368
A,ASN,18,C,14.760
A,ASN,18,CB,12.335
A,ASN,18,CG,11.241
A,ASN,18,ND2,10.104
A,ASN,18,OD1,11.545
A,LYS,21,CD,14.561
A,LYS,21,CE,14.819
A,ASN,87,CA,14.662
A,ASN,87,C,13.305
A,ASN,87,O,12.386
A,ASN,87,CB,14.812
A,MET,88,N,13.260
A,MET,88,CA,12.192
A,MET,88,C,12.053
A,MET,88,O,10.994
A,MET,88,CB,12.556
A,MET,88,CG,12.670
A,MET,88,SD,13.217
A,MET,88,CE,11.670
A,ARG,89,N,13.242
A,ARG,89,CA,13.480
A,ARG,89,C,13.048
A,ARG,89,O,12.467
A,LEU,90,N,13.439
A,LEU,90,CA,13.269
A,LEU,90,C,11.842
A,LEU,90,O,11.554
A,LEU,90,CB,14.088
A,ALA,91,N,11.025
A,ALA,91,CA,9.630
A,ALA,91,C,8.826
A,ALA,91,O,8.165
A,ALA,91,CB,9.223
A,PHE,92,N,9.186
A,PHE,92,CA,8.908
A,PHE,92,C,9.451
A,PHE,92,O,8.894
A,PHE,92,CB,9.791
A,PHE,92,CG,9.940
A,PHE,92,CD1,9.211
A,PHE,92,CD2,10.997
A,PHE,92,CE1,9.621
A,PHE,92,CE2,11.332
A,PHE,92,CZ,10.689
A,GLU,93,N,10.706
A,GLU,93,CA,11.501
A,GLU,93,C,11.130
A,GLU,93,O,11.378
A,GLU,93,CB,12.948
A,GLU,93,CG,13.662
A,SER,94,N,10.759
A,SER,94,CA,10.546
A,SER,94,C,9.380
A,SER,94,O,9.697
A,SER,94,CB,10.688
A,SER,94,OG,11.203
A,TRP,95,N,8.167
A,TRP,95,CA,7.097
A,TRP,95,C,7.695
A,TRP,95,O,7.739
A,TRP,95,CB,5.765
A,TRP,95,CG,5.165
A,TRP,95,CD1,5.462
A,TRP,95,CD2,4.692
A,TRP,95,CE2,4.797
A,TRP,95,CE3,4.733
A,TRP,95,NE1,5.301
A,TRP,95,CZ2,4.930
A,TRP,95,CZ3,4.861
A,TRP,95,CH2,4.950
A,SER,96,N,8.549
A,SER,96,CA,9.491
A,SER,96,C,10.466
A,SER,96,O,10.980
A,SER,96,CB,10.490
A,SER,96,OG,9.978
A,ARG,97,N,10.961
A,ARG,97,CA,11.884
A,ARG,97,C,11.400
A,ARG,97,O,12.195
A,ARG,97,CB,12.659
A,ARG,97,CG,13.623
A,ARG,97,CD,14.759
A,ARG,97,NE,14.300
A,ARG,97,CZ,14.224
A,ARG,97,NH1,14.451
A,ARG,97,NH2,14.065
A,VAL,98,N,10.211
A,VAL,98,CA,9.755
A,VAL,98,C,9.740
A,VAL,98,O,10.482
A,VAL,98,CB,8.509
A,VAL,98,CG1,8.036
A,VAL,98,CG2,9.025
A,ASP,99,N,9.207
A,ASP,99,CA,9.516
A,ASP,99,C,11.039
A,ASP,99,O,11.674
A,ASP,99,CB,9.008
A,ASP,99,CG,7.508
A,ASP,99,OD1,6.877
A,ASP,99,OD2,7.169
A,LYS,100,N,11.788
A,LYS,100,CA,13.242
A,LYS,100,C,13.909
A,LYS,100,O,14.909
A,LYS,100,CB,13.911
A,ILE,101,N,13.502
A,ILE,101,CA,14.176
A,ILE,101,C,14.104
A,ILE,101,CB,13.812
A,ILE,101,CG1,14.388
A,ILE,101,CG2,14.524
A,ILE,101,CD1,14.021
A,ILE,102,N,12.947
A,ILE,102,CA,12.976
A,ILE,102,C,13.917
A,ILE,102,O,14.856
A,ILE,102,CB,11.627
A,ILE,102,CG1,11.004
A,ILE,102,CG2,11.915
A,ILE,102,CD1,9.550
A,GLU,103,N,13.891
A,GLU,103,CA,14.934
A,GLU,103,CB,14.774
A,GLU,106,OE2,14.050
B,GLU,3,O,14.994
B,ILE,4,N,14.889
B,ILE,4,CA,13.628
B,ILE,4,C,14.019
B,ILE,4,O,14.881
B,ILE,4,CB,13.090
B,ILE,4,CG1,13.005
B,ILE,4,CG2,11.816
B,ILE,4,CD1,12.034
B,PRO,5,N,13.640
B,PRO,5,CA,14.275
B,PRO,5,C,14.089
B,PRO,5,O,13.091
B,PRO,5,CB,13.833
B,PRO,5,CG,13.378
B,PRO,5,CD,12.821
B,LYS,6,C,14.325
B,LYS,6,O,14.050
B,GLU,7,N,13.868
B,GLU,7,CA,12.960
B,GLU,7,C,11.565
B,GLU,7,O,11.035
B,GLU,7,CB,13.014
B,GLU,7,CG,14.482
B,MET,8,N,11.086
B,MET,8,CA,9.879
B,MET,8,C,10.090
B,MET,8,O,9.292
B,MET,8,CB,9.680
B,MET,8,CG,8.427
B,MET,8,SD,8.579
B,MET,8,CE,8.633
B,LEU,9,N,11.351
B,LEU,9,CA,11.934
B,LEU,9,C,11.987
B,LEU,9,O,11.836
B,LEU,9,CB,13.428
B,LEU,9,CG,13.781
B,LEU,9,CD2,13.469
B,ARG,10,N,12.380
B,ARG,10,CA,12.567
B,ARG,10,C,11.362
B,ARG,10,O,11.528
B,ARG,10,CB,13.427
B,ARG,10,CG,13.915
B,ARG,10,CD,14.684
B,ALA,11,N,10.239
B,ALA,11,CA,9.032
B,ALA,11,C,8.504
B,ALA,11,O,8.262
B,ALA,11,CB,8.095
B,GLN,12,N,8.646
B,GLN,12,CA,8.673
B,GLN,12,C,9.831
B,GLN,12,O,9.864
B,GLN,12,CB,9.045
B,GLN,12,CG,8.011
B,GLN,12,CD,8.774
B,GLN,12,NE2,8.155
B,GLN,12,OE1,10.002
B,THR,13,N,10.968
B,THR,13,CA,12.151
B,THR,13,C,12.122
B,THR,13,O,13.115
B,THR,13,CB,13.460
B,THR,13,CG2,13.884
B,THR,13,OG1,13.535
B,ASN,14,N,11.076
B,ASN,14,CA,11.148
B,ASN,14,C,10.776
B,ASN,14,O,10.922
B,ASN,14,CB,10.502
B,ASN,14,CG,11.314
B,ASN,14,ND2,10.766
B,ASN,14,OD1,12.528
B,ILE,15,N,10.693
B,ILE,15,CA,11.055
B,ILE,15,C,12.415
B,ILE,15,O,12.821
B,ILE,15,CB,11.211
B,ILE,15,CG1,11.585
B,ILE,15,CG2,12.391
B,ILE,15,CD1,11.760
B,LEU,16,N,13.237
B,LEU,16,CA,14.516
B,LEU,16,C,14.583
B,LEU,17,N,13.591
B,LEU,17,CA,13.650
B,LEU,17,C,13.733
B,LEU,17,O,14.607
B,LEU,17,CB,12.562
B,LEU,17,CG,12.759
B,LEU,17,CD1,11.761
B,LEU,17,CD2,14.178
B,ASN,18,N,12.985
B,ASN,18,CA,13.301
B,ASN,18,C,14.709
B,ASN,18,CB,12.314
B,ASN,18,CG,11.179
B,ASN,18,ND2,10.013
B,ASN,18,OD1,11.466
B,LYS,21,CD,14.763
B,MET,42,SD,14.609
B,MET,42,CE,13.762
B,GLU,86,O,14.591
B,ASN,87,CA,13.995
B,ASN,87,C,12.659
B,ASN,87,O,11.702
B,ASN,87,CB,14.306
B,ASN,87,CG,13.303
B,ASN,87,ND2,13.269
B,ASN,87,OD1,12.699
B,MET,88,N,12.700
B,MET,88,CA,11.676
B,MET,88,C,11.444
B,MET,88,O,10.364
B,MET,88,CB,12.211
B,MET,88,CG,12.462
B,MET,88,SD,13.236
B,MET,88,CE,11.803
B,ARG,89,N,12.585
B,ARG,89,CA,12.736
B,ARG,89,C,12.172
B,ARG,89,O,11.544
B,ARG,89,CB,14.247
B,LEU,90,N,12.518
B,LEU,90,CA,12.244
B,LEU,90,C,10.790
B,LEU,90,O,10.429
B,LEU,90,CB,13.101
B,LEU,90,CG,14.607
B,ALA,91,N,10.041
B,ALA,91,CA,8.634
B,ALA,91,C,7.811
B,ALA,91,O,7.012
B,ALA,91,CB,8.363
B,PHE,92,N,8.293
B,PHE,92,CA,8.066
B,PHE,92,C,8.586
B,PHE,92,O,8.081
B,PHE,92,CB,9.046
B,PHE,92,CG,9.343
B,PHE,92,CD1,8.535
B,PHE,92,CD2,10.579
B,PHE,92,CE1,9.102
B,PHE,92,CE2,11.040
B,PHE,92,CZ,10.366
B,GLU,93,N,9.803
B,GLU,93,CA,10.609
B,GLU,93,C,10.213
B,GLU,93,O,10.403
B,GLU,93,CB,12.040
B,GLU,93,CG,13.109
B,GLU,93,CD,14.505
B,GLU,93,OE1,14.738
B,SER,94,N,9.857
B,SER,94,CA,9.670
B,SER,94,C,8.496
B,SER,94,O,8.814
B,SER,94,CB,9.953
B,SER,94,OG,9.039
B,TRP,95,N,7.271
B,TRP,95,CA,6.229
B,TRP,95,C,6.858
B,TRP,95,O,6.980
B,TRP,95,CB,4.839
B,TRP,95,CG,4.322
B,TRP,95,CD1,4.600
B,TRP,95,CD2,4.112
B,TRP,95,CE2,4.313
B,TRP,95,CE3,4.383
B,TRP,95,NE1,4.627
B,TRP,95,CZ2,4.743
B,TRP,95,CZ3,4.800
B,TRP,95,CH2,4.959
B,SER,96,N,7.689
B,SER,96,CA,8.707
B,SER,96,C,9.695
B,SER,96,O,10.214
B,SER,96,CB,9.650
B,SER,96,OG,10.705
B,ARG,97,N,10.164
B,ARG,97,CA,11.135
B,ARG,97,C,10.753
B,ARG,97,O,11.618
B,ARG,97,CB,11.756
B,ARG,97,CG,12.795
B,ARG,97,CD,14.005
B,VAL,98,N,9.588
B,VAL,98,CA,9.258
B,VAL,98,C,9.298
B,VAL,98,O,10.149
B,VAL,98,CB,8.047
B,VAL,98,CG1,7.762
B,VAL,98,CG2,8.592
B,ASP,99,N,8.669
B,ASP,99,CA,9.003
B,ASP,99,C,10.513
B,ASP,99,O,11.239
B,ASP,99,CB,8.391
B,ASP,99,CG,6.929
B,ASP,99,OD1,6.472
B,ASP,99,OD2,6.476
B,LYS,100,N,11.162
B,LYS,100,CA,12.613
B,LYS,100,C,13.360
B,LYS,100,O,14.371
B,LYS,100,CB,13.214
B,LYS,100,CG,14.751
B,ILE,101,N,13.016
B,ILE,101,CA,13.795
B,ILE,101,C,13.774
B,ILE,101,O,14.860
B,ILE,101,CB,13.518
B,ILE,101,CG1,14.085
B,ILE,101,CG2,14.302
B,ILE,101,CD1,13.866
B,ILE,102,N,12.633
B,ILE,102,CA,12.730
B,ILE,102,C,13.593
B,ILE,102,O,14.560
B,ILE,102,CB,11.429
B,ILE,102,CG1,10.998
B,ILE,102,CG2,11.755
B,ILE,102,CD1,9.621
B,GLU,103,N,13.464
B,GLU,103,CA,14.459
B,GLU,103,CB,14.180
B,GLU,103,OE1,14.880
B,GLU,106,OE1,14.300
X,IMI,115,C1,5.740
X,IMI,115,N1,7.830
X,IMI,115,O1,5.979
X,IMI,115,C2,6.398
X,IMI,115,O2,6.669
X,IMI,115,C3,4.240
X,IMI,115,C4,3.744
X,IMI,115,C5,3.744
X,IMI,115,C6,6.241
X,IMI,115,C7,2.469
X,IMI,115,C8,2.468
X,IMI,115,C9,1.460
X,IMI,115,C10,1.317
X,IMI,115,C11,2.424
X,IMI,115,C12,3.644
X,IMI,115,C13,4.899
X,IMI,115,C14,5.529
X,IMI,115,C15,6.876
X,IMI,115,H1,5.056
X,IMI,115,H2,8.345
X,IMI,115,H3,8.063
X,IMI,115,H4,1.010
X,IMI,115,H5,6.189
X,IMI,115,H6,6.189
X,IMI,115,H7,6.249
X,IMI,115,H8,4.620
X,IMI,115,H9,4.619
X,IMI,115,H10,2.685
X,IMI,115,H11,2.684
X,IMI,115,H12,2.094
X,IMI,115,H13,2.675
X,IMI,115,H14,3.977
X,IMI,115,H15,4.921
X,IMI,115,H16,5.695
X,IMI,115,H17,5.815
X,IMI,115,H18,5.060
X,IMI,115,H19,7.383
X,IMI,115,H20,6.906
X,IMI,115,H21,7.549
Y,IND,116,C1,7.291
Y,IND,116,N1,7.506
Y,IND,116,C2,5.965
Y,IND,116,C3,5.369
Y,IND,116,C4,8.312
Y,IND,116,C5,5.839
Y,IND,116,C6,6.471
Y,IND,116,C7,8.173
Y,IND,116,C8,7.053
Y,IND,116,C9,6.926
Y,IND,116,H1,8.272
Y,IND,116,H2,4.424
Y,IND,116,H3,9.314
Y,IND,116,H4,5.013
Y,IND,116,H5,9.111
Y,IND,116,H6,7.273
Y,IND,116,H7,7.771
Y,IND,116,H8,6.213
Y,IND,116,H9,7.388
<<<<<<< HEAD
=======
Z,HO2,117,O3,4.722
Z,HO2,117,H22,4.071
Z,HO2,117,H23,5.180
>>>>>>> 47680e50609936772cccbac54f60413a9d5c1741
